<?xml version="1.0" encoding="utf-8" ?>
<breeze-manifest version="1.0" xmlns="http://breeze.macromedia.com/ns/breeze-manifest" generator="Adobe Captivate 8">
	<document type="captivate" icon="captivate" section-count="10"/>
	<assets>
		<asset type="document-view">
			
			<entry href="multiscreen.html" href-html5="multiscreen.html" href-swf="PEN#5Copy.swf" width="961" height="767" type="" parameters="connect_support=true&amp;responsive=false&amp;scalable=false"/>
			
			
<file href="PEN#5Copy.swf"/>
<file href="standard.js"/>
<file href="captivate.css"/>
<file href="PEN#5Copy.htm"/>
<file href="PEN#5Copy_fs.htm"/>
<file href="multiscreen.html"/>
<file href="goodbye.html"/>
<file href="index.html"/>
<file href="project.txt"/>
<file href="ar/Mouse.mp3"/>
<file href="ar/pptxAr/01c62cd151c34114b9b73f0191fadec8.mp3"/>
<file href="ar/pptxAr/047b368f9fa346348e30f950a29a6edd.mp3"/>
<file href="ar/pptxAr/140bf7e563c64aeb8b4cfd4030036977.mp3"/>
<file href="ar/pptxAr/1dcdb71ba1d04697b8eb5d54d71914c8.mp3"/>
<file href="ar/pptxAr/28e12bd972ad498993a2249b8697f3b8.mp3"/>
<file href="ar/pptxAr/31932bda3bb24589b67dca2653aabeeb.mp3"/>
<file href="ar/pptxAr/364ea8259d434f048fc6182069df0c23.mp3"/>
<file href="ar/pptxAr/36f860602a3e4955bf9f4f9f5b220bd2.mp3"/>
<file href="ar/pptxAr/3766385ebb0a48cbb7d6cd6f7279a53b.mp3"/>
<file href="ar/pptxAr/387ce6b38d3e45248da2e7fef9abdc63.mp3"/>
<file href="ar/pptxAr/39b29e69ae8241ddb6fad5c33736d1a1.mp3"/>
<file href="ar/pptxAr/3c10d7c3403146b7beeb21db3e89d310.mp3"/>
<file href="ar/pptxAr/40651f4460584386bc5ca3ea37a90649.mp3"/>
<file href="ar/pptxAr/4bc79bf8775040b6a0444fba3958b941.mp3"/>
<file href="ar/pptxAr/5011d8f1b0f343b0abe772721e3f81fc.mp3"/>
<file href="ar/pptxAr/50a5314502a44c2d838f7a06f2a06d42.mp3"/>
<file href="ar/pptxAr/5801ce0a233942bcb535b31b81bf8223.mp3"/>
<file href="ar/pptxAr/614250a6f71e4cc5a6d581e14d6989ea.mp3"/>
<file href="ar/pptxAr/64218fcc8bda4556a721a8e7a8efabcc.mp3"/>
<file href="ar/pptxAr/65aae4fc6a1d4f0584c45f2a2e5d3a95.mp3"/>
<file href="ar/pptxAr/6d30ae9dd51b4240a52af3271fc99831.mp3"/>
<file href="ar/pptxAr/728573171ce5418ba4023002b092bc35.mp3"/>
<file href="ar/pptxAr/7c27d1024dab4d96b52d42fdf499acbd.mp3"/>
<file href="ar/pptxAr/7e33b606d4bd4aa09b1f216c2e3220a2.mp3"/>
<file href="ar/pptxAr/8e21fc3045ad4bc7b8fdeda721a58fbd.mp3"/>
<file href="ar/pptxAr/930b004941eb43e4bc687ab2955a1c8a.mp3"/>
<file href="ar/pptxAr/97a2b16227b6458f815ef525cf1dee37.mp3"/>
<file href="ar/pptxAr/a2923e311b954a52a86e18f93a516405.mp3"/>
<file href="ar/pptxAr/a2953b709b0047269416ef083a9939ee.mp3"/>
<file href="ar/pptxAr/a419ca7876f4464c980319bb846fcbd6.mp3"/>
<file href="ar/pptxAr/a41cb12bb078431d9d6fd5d3f0903f22.mp3"/>
<file href="ar/pptxAr/a7ec82dd2421403b8ae00e4036a52b5e.mp3"/>
<file href="ar/pptxAr/aa5c81083b1a416d95f965fbb2ef9a36.mp3"/>
<file href="ar/pptxAr/ab5dab71feb3478985afbbfb03b428f3.mp3"/>
<file href="ar/pptxAr/ac63c31aca6d4975a983a6fd72863492.mp3"/>
<file href="ar/pptxAr/b69bcc89f4534caeb8b50356b837a49b.mp3"/>
<file href="ar/pptxAr/b97fc34d007b4bc3a3cac30beeb7a053.mp3"/>
<file href="ar/pptxAr/be864c68be5a4c4eb0427046bfef658a.mp3"/>
<file href="ar/pptxAr/bea2e36378ac42298199e9fa5bbe6fc9.mp3"/>
<file href="ar/pptxAr/c4ed5e19ec4144d89a4b3ea997a1d3a4.mp3"/>
<file href="ar/pptxAr/c59b806e8ae84478bc84d023331d6674.mp3"/>
<file href="ar/pptxAr/d350eafa140a4c559ff4c4e966da2726.mp3"/>
<file href="ar/pptxAr/dd426d898b744baf8c347c8915849725.mp3"/>
<file href="ar/pptxAr/dd4e3fd74eda4afa8437f3cbddcd03c5.mp3"/>
<file href="ar/pptxAr/ea92d704bd3542e4bf174d0a6cc9fd85.mp3"/>
<file href="ar/pptxAr/f018882a9dc945aeaeb74b1e9a75f6d7.mp3"/>
<file href="ar/pptxAr/f1635d43edb14d00baf8b90de42ec172.mp3"/>
<file href="ar/pptxAr/f6292f2005ad46f0afcb5a7a39b49201.mp3"/>
<file href="ar/pptxAr/f638906eca3c493e9423685c4b3cdbdd.mp3"/>
<file href="ar/pptxAr/f914c95186054ac499ff786835559c97.mp3"/>
<file href="assets/css/CPLibraryAll.css"/>
<file href="assets/css/start/jquery-ui-1.10.4.custom.css"/>
<file href="assets/css/start/jquery-ui-1.10.4.custom.min.css"/>
<file href="assets/css/start/images/animated-overlay.gif"/>
<file href="assets/css/start/images/ui-bg_flat_55_999999_40x100.png"/>
<file href="assets/css/start/images/ui-bg_flat_75_aaaaaa_40x100.png"/>
<file href="assets/css/start/images/ui-bg_glass_45_0078ae_1x400.png"/>
<file href="assets/css/start/images/ui-bg_glass_55_f8da4e_1x400.png"/>
<file href="assets/css/start/images/ui-bg_glass_75_79c9ec_1x400.png"/>
<file href="assets/css/start/images/ui-bg_gloss-wave_45_e14f1c_500x100.png"/>
<file href="assets/css/start/images/ui-bg_gloss-wave_50_6eac2c_500x100.png"/>
<file href="assets/css/start/images/ui-bg_gloss-wave_75_2191c0_500x100.png"/>
<file href="assets/css/start/images/ui-bg_inset-hard_100_fcfdfd_1x100.png"/>
<file href="assets/css/start/images/ui-icons_0078ae_256x240.png"/>
<file href="assets/css/start/images/ui-icons_056b93_256x240.png"/>
<file href="assets/css/start/images/ui-icons_d8e7f3_256x240.png"/>
<file href="assets/css/start/images/ui-icons_e0fdff_256x240.png"/>
<file href="assets/css/start/images/ui-icons_f5e175_256x240.png"/>
<file href="assets/css/start/images/ui-icons_f7a50d_256x240.png"/>
<file href="assets/css/start/images/ui-icons_fcd113_256x240.png"/>
<file href="assets/htmlimages/arrow_right.gif"/>
<file href="assets/htmlimages/ccClose.png"/>
<file href="assets/htmlimages/checkBox_disabled.png"/>
<file href="assets/htmlimages/checkBox_normal.png"/>
<file href="assets/htmlimages/checkBox_selected.png"/>
<file href="assets/htmlimages/checkBox_selectedDisabled.png"/>
<file href="assets/htmlimages/closeReviewButton.png"/>
<file href="assets/htmlimages/correct_answer_normal.png"/>
<file href="assets/htmlimages/correct_answer_small.png"/>
<file href="assets/htmlimages/correct_question_normal.png"/>
<file href="assets/htmlimages/correct_question_small.png"/>
<file href="assets/htmlimages/dd_arrow.png"/>
<file href="assets/htmlimages/gesturemobileicon.png"/>
<file href="assets/htmlimages/gesturemobileicon@2x.png"/>
<file href="assets/htmlimages/gesturemobileimage2.png"/>
<file href="assets/htmlimages/gesturemobilelandscape.png"/>
<file href="assets/htmlimages/gesturetabletimage.png"/>
<file href="assets/htmlimages/hotspot.gif"/>
<file href="assets/htmlimages/hotspot_correct_answer_normal.png"/>
<file href="assets/htmlimages/hotspot_incorrect_answer_normal.png"/>
<file href="assets/htmlimages/img_trans.gif"/>
<file href="assets/htmlimages/incorrect_answer_normal.png"/>
<file href="assets/htmlimages/incorrect_answer_small.png"/>
<file href="assets/htmlimages/incorrect_question_normal.png"/>
<file href="assets/htmlimages/incorrect_question_small.png"/>
<file href="assets/htmlimages/loader.gif"/>
<file href="assets/htmlimages/loader_transparent.gif"/>
<file href="assets/htmlimages/movieexpire.png"/>
<file href="assets/htmlimages/partial_correct_question_normal.png"/>
<file href="assets/htmlimages/partial_correct_question_small.png"/>
<file href="assets/htmlimages/Pause.gif"/>
<file href="assets/htmlimages/Pause2x.gif"/>
<file href="assets/htmlimages/placeholder.png"/>
<file href="assets/htmlimages/Play.gif"/>
<file href="assets/htmlimages/Play2x.gif"/>
<file href="assets/htmlimages/Play_icon.png"/>
<file href="assets/htmlimages/radioButton_disabled.png"/>
<file href="assets/htmlimages/radioButton_normal.png"/>
<file href="assets/htmlimages/radioButton_selected.png"/>
<file href="assets/htmlimages/radioButton_selectedDisabled.png"/>
<file href="assets/htmlimages/sequenceReview.png"/>
<file href="assets/htmlimages/skip_answer_normal.png"/>
<file href="assets/htmlimages/skip_answer_small.png"/>
<file href="assets/htmlimages/skip_question_normal.png"/>
<file href="assets/htmlimages/skip_question_small.png"/>
<file href="assets/htmlimages/toc.png"/>
<file href="assets/htmlimages/vidbg.png"/>
<file href="assets/htmlimages/vidfullscreen.png"/>
<file href="assets/htmlimages/vidpause.png"/>
<file href="assets/htmlimages/vidplay.png"/>
<file href="assets/htmlimages/vidrewind.png"/>
<file href="assets/htmlimages/vidslider.png"/>
<file href="assets/htmlimages/vidstop.png"/>
<file href="assets/htmlimages/vidvolume.png"/>
<file href="assets/htmlimages/vidvolume2.png"/>
<file href="assets/htmlimages/vidvolumemute.png"/>
<file href="assets/js/CPM.js"/>
<file href="assets/js/CPXHRLoader.js"/>
<file href="assets/js/jquery-1.6.1.min.js"/>
<file href="assets/playbar/playbarScript.js"/>
<file href="assets/playbar/PlaybarIcons/AudioOff.png"/>
<file href="assets/playbar/PlaybarIcons/AudioOn.png"/>
<file href="assets/playbar/PlaybarIcons/BackGround.png"/>
<file href="assets/playbar/PlaybarIcons/Backward.png"/>
<file href="assets/playbar/PlaybarIcons/CC.png"/>
<file href="assets/playbar/PlaybarIcons/Color.png"/>
<file href="assets/playbar/PlaybarIcons/ColorSmall.png"/>
<file href="assets/playbar/PlaybarIcons/Exit.png"/>
<file href="assets/playbar/PlaybarIcons/FastForward.png"/>
<file href="assets/playbar/PlaybarIcons/FastForward1.png"/>
<file href="assets/playbar/PlaybarIcons/FastForward2.png"/>
<file href="assets/playbar/PlaybarIcons/Forward.png"/>
<file href="assets/playbar/PlaybarIcons/Glow.png"/>
<file href="assets/playbar/PlaybarIcons/GlowSmall.png"/>
<file href="assets/playbar/PlaybarIcons/Height.png"/>
<file href="assets/playbar/PlaybarIcons/Pause.png"/>
<file href="assets/playbar/PlaybarIcons/Play.png"/>
<file href="assets/playbar/PlaybarIcons/Play_icon.png"/>
<file href="assets/playbar/PlaybarIcons/Progress.png"/>
<file href="assets/playbar/PlaybarIcons/Rewind.png"/>
<file href="assets/playbar/PlaybarIcons/Stroke.png"/>
<file href="assets/playbar/PlaybarIcons/StrokeSmall.png"/>
<file href="assets/playbar/PlaybarIcons/Thumb.png"/>
<file href="assets/playbar/PlaybarIcons/ThumbBase.png"/>
<file href="assets/playbar/PlaybarIcons/TOC.png"/>
<file href="assets/toc/tocIcons/blankBookmark.png"/>
<file href="assets/toc/tocIcons/clear.png"/>
<file href="assets/toc/tocIcons/expander.png"/>
<file href="assets/toc/tocIcons/fullBookmark.png"/>
<file href="assets/toc/tocIcons/go.png"/>
<file href="assets/toc/tocIcons/infoClose.png"/>
<file href="assets/toc/tocIcons/moreinfo.png"/>
<file href="assets/toc/tocIcons/searchBtnNormal.png"/>
<file href="assets/toc/tocIcons/searchBtnSelect.png"/>
<file href="assets/toc/tocIcons/visited.png"/>
<file href="assets/TOC_icons/collapseIcon.png"/>
<file href="assets/TOC_icons/expandIcon.png"/>
<file href="assets/TOC_icons/photo.png"/>
<file href="dr/loading.gif"/>
<file href="dr/pptxIm/003bbbb6c0914a45b01c3e6fa2355734.png"/>
<file href="dr/pptxIm/01667e05844645919d9c3bc19b141b01.png"/>
<file href="dr/pptxIm/022da0d2527b4668a91778ea5800deb4.png"/>
<file href="dr/pptxIm/030fc71a113e4981bfbb43e4ec783216.png"/>
<file href="dr/pptxIm/03b99ed32e3944bba41b2e9ce8ce76f6.png"/>
<file href="dr/pptxIm/03c6cb0f081d4ad1b81994ca7c677b98.png"/>
<file href="dr/pptxIm/05e54cf79753466694dde26ee12bc8a3.png"/>
<file href="dr/pptxIm/06419f4ce86d407e9d3c8422e8dc5d98.png"/>
<file href="dr/pptxIm/06cc0241d08a4e8f8cd77ff8ab76d287.png"/>
<file href="dr/pptxIm/0752ebd66de647a580545b7d361fb97a.png"/>
<file href="dr/pptxIm/09c71b1a80e84550834178865e82a040.png"/>
<file href="dr/pptxIm/09eb88a3be504adf870abbe8bb126a1a.png"/>
<file href="dr/pptxIm/0b0163a19c0b46ea86e6d059d45bb8d4.png"/>
<file href="dr/pptxIm/0b97176fd2874bdd846a778350441890.png"/>
<file href="dr/pptxIm/0c5a53e3a890444d860c624ef8f38d89.png"/>
<file href="dr/pptxIm/0cfd35491bcf45a7af68bd1a4817e536.png"/>
<file href="dr/pptxIm/0de64f19336e43129b52d397061f2cce.png"/>
<file href="dr/pptxIm/0e1fdfb6204d471e850b924388960f2f.png"/>
<file href="dr/pptxIm/0ecf808cb873401b834754b2068efe90.png"/>
<file href="dr/pptxIm/0f5168f600a143a9b6ba8347a9d55f55.png"/>
<file href="dr/pptxIm/0fbd948a569746d89f74ef6ce9387fa2.png"/>
<file href="dr/pptxIm/10a234eddffd48ab98fae3fa7e6c3e42.png"/>
<file href="dr/pptxIm/11253f97db3c4d4393d3e71c35953b77.png"/>
<file href="dr/pptxIm/11cf020f07244c41a5679ff6c446dafb.png"/>
<file href="dr/pptxIm/128e9db55e5041939048ee20102b7b05.png"/>
<file href="dr/pptxIm/129cb4164f164cf5bf4f89e8ea0749c3.png"/>
<file href="dr/pptxIm/133b8e8a08ea4bbfaaebc8c6b556962f.png"/>
<file href="dr/pptxIm/152632fe3d764bcbbc1dbdcb2ce74bc5.png"/>
<file href="dr/pptxIm/1558ded8e46749808fa317476d0cad5d.png"/>
<file href="dr/pptxIm/166e732cc92a43fe8a058d447b1a4f61.png"/>
<file href="dr/pptxIm/17291b09d5ba4c04b510092785370458.png"/>
<file href="dr/pptxIm/1869d799ac6241749e2a82af752bda0b.png"/>
<file href="dr/pptxIm/1880bf99f209459ea2d350d08c259048.png"/>
<file href="dr/pptxIm/1916b1fd303e415f8db39e8e5f4dfc56.png"/>
<file href="dr/pptxIm/196da49fe21c4a3fa2bc1af5ee06f765.png"/>
<file href="dr/pptxIm/1cd8189b76974c3488bb0070b9e89287.png"/>
<file href="dr/pptxIm/1cdcdbf31c484a9893c37970501a7687.png"/>
<file href="dr/pptxIm/1e84c279f8244f3b9e40462e58a3d9b9.png"/>
<file href="dr/pptxIm/20894916edf84f758913c8acbb62e209.png"/>
<file href="dr/pptxIm/208ac5cfb33549adbdb13f97c7fb6c62.png"/>
<file href="dr/pptxIm/20e376a6a2684b97b4364af2ed3ddf19.png"/>
<file href="dr/pptxIm/20f1c050fa994d3ea36afcf659f20091.png"/>
<file href="dr/pptxIm/20f729b12c584696afcdd1c991656996.png"/>
<file href="dr/pptxIm/21e9a12501bc4a6c84234dfd787671e1.png"/>
<file href="dr/pptxIm/224266b7027147869280038885774291.png"/>
<file href="dr/pptxIm/238cb1b63cd145489916ced151bfe375.png"/>
<file href="dr/pptxIm/240fd21d855f4524b59aa195084e2784.png"/>
<file href="dr/pptxIm/249aa2406f5b4fc598783ddccd8540bd.png"/>
<file href="dr/pptxIm/2562082523934115a0da3d376b48d80d.png"/>
<file href="dr/pptxIm/277b1083fde44ffcac8a1fd87083bf2f.png"/>
<file href="dr/pptxIm/2868b71232c14ce1bf92fda607ddd9a0.png"/>
<file href="dr/pptxIm/290935c032d44490ad2c49f611dec756.png"/>
<file href="dr/pptxIm/2a3abbd7c6b94d689d834fab29488c05.png"/>
<file href="dr/pptxIm/2a6c8df44d19498799e926b719346fa7.png"/>
<file href="dr/pptxIm/2a6dbccf8ca749578a319ee6567b7619.png"/>
<file href="dr/pptxIm/2a774a873fbf4c65bb06ec659ea6a7b7.png"/>
<file href="dr/pptxIm/2bade1dac3ef4ff2b0fdfc2b18f8f4cf.png"/>
<file href="dr/pptxIm/2c5dc0f549854880bba1d126c519f701.png"/>
<file href="dr/pptxIm/2cc2acb371944c7f80bac0ede248ca50.png"/>
<file href="dr/pptxIm/2ccc4e3fcb4143248afef4349f4e98de.png"/>
<file href="dr/pptxIm/2db805db73324001bf86e3f6874b6a81.png"/>
<file href="dr/pptxIm/2dc1e5d4751d4101940300bdff41ee72.png"/>
<file href="dr/pptxIm/2dd7de79666a473ab91516a8bdb03be4.png"/>
<file href="dr/pptxIm/2e5ca89481074c45a6f3a414064354dc.png"/>
<file href="dr/pptxIm/2ff46cc9feca478fa31334604fb21be0.png"/>
<file href="dr/pptxIm/303795b9da994e26ad2fed9d3adc647d.png"/>
<file href="dr/pptxIm/306a040e3f9e48e1a45108bec7db3430.png"/>
<file href="dr/pptxIm/307949dad117448fae97120db8101dd9.png"/>
<file href="dr/pptxIm/3144bf0d735a47cf9a8c974c8e47a8a7.png"/>
<file href="dr/pptxIm/323d2de3b53d4e50808e6ca14f1535e7.png"/>
<file href="dr/pptxIm/328566afe3d24890928b61a86cd6796a.png"/>
<file href="dr/pptxIm/32ecdab6075c46e0966605c9dbfdf70b.png"/>
<file href="dr/pptxIm/32fc4dd976524975b371587da25c3541.png"/>
<file href="dr/pptxIm/332d4e09698d4f11822559411f45e5dd.png"/>
<file href="dr/pptxIm/3378cafcb36b462e995940b5d043db98.png"/>
<file href="dr/pptxIm/34dc29e9a1944259a225a9527a971ae9.png"/>
<file href="dr/pptxIm/34e28e698c894b7085b10b7979c679ce.png"/>
<file href="dr/pptxIm/36361c736a724721a64e840fbac313d5.png"/>
<file href="dr/pptxIm/3681cf046efe4bc796cb15f08cb348b7.png"/>
<file href="dr/pptxIm/36942661612a4757a1d10ffa686d5428.png"/>
<file href="dr/pptxIm/36947d1207024ee39dc5a10fff4e3f6a.png"/>
<file href="dr/pptxIm/36a1c09cd0bf41e198c056f4926992a6.png"/>
<file href="dr/pptxIm/37b6c2c8af8044258ad69763e31b361b.png"/>
<file href="dr/pptxIm/387bad5942464989900b603dafc0a3c0.png"/>
<file href="dr/pptxIm/391fb21371df443eaaae6e51e6fa712e.png"/>
<file href="dr/pptxIm/395e249f2b4841838357f61fdce58f51.png"/>
<file href="dr/pptxIm/3e85b5ef755648dfaa59d8c368519eeb.png"/>
<file href="dr/pptxIm/3e949c966b5447398389e3d3c2996cae.png"/>
<file href="dr/pptxIm/3ec4999ff0da481e99c399498a08f039.png"/>
<file href="dr/pptxIm/4004ad8278f84bb5b63afdd40bb63156.png"/>
<file href="dr/pptxIm/40dd96588bbd43318a65ea2d24ebfad0.png"/>
<file href="dr/pptxIm/4108e4b50a1149e28ce080097de3cc0c.png"/>
<file href="dr/pptxIm/4271b4b9e65a4735adc4e2a04bb17f07.png"/>
<file href="dr/pptxIm/4273d5e0fd5d4b0cb4c206bf0cee0610.png"/>
<file href="dr/pptxIm/4365d24db7ac47a89a9529d66d2f8b19.png"/>
<file href="dr/pptxIm/43846d8afa134340aea99c699693622f.png"/>
<file href="dr/pptxIm/43f1303e3ce444deb645224fd10b8c71.png"/>
<file href="dr/pptxIm/46235339e80c4005842640dd61523d59.png"/>
<file href="dr/pptxIm/4654512fa74b411c9ff193050a9929c6.png"/>
<file href="dr/pptxIm/46885854f0b54f44a4178d195ddcc642.png"/>
<file href="dr/pptxIm/4731f951cf324cadace409e620abc272.png"/>
<file href="dr/pptxIm/47c478f140204649a59ae90e074cbe05.png"/>
<file href="dr/pptxIm/47c80a09a20a417782bac5eb2d3b43d6.png"/>
<file href="dr/pptxIm/484c8c33a9e2473d93cbb6eb12176c15.png"/>
<file href="dr/pptxIm/485ec4dcc28a45c697753890461d4cb3.png"/>
<file href="dr/pptxIm/48c449e8f6754b9f80d32b9f1c32fdcc.png"/>
<file href="dr/pptxIm/49023de16a404b4a811585ba1d29804a.png"/>
<file href="dr/pptxIm/4940837b046f40dfa940546f546305a8.png"/>
<file href="dr/pptxIm/4985333527e24c50a85f21263e645857.png"/>
<file href="dr/pptxIm/49a38fb57c284018864e42a6c7d62e0a.png"/>
<file href="dr/pptxIm/49d8f177a3bd4a0cb3c6788fbe858479.png"/>
<file href="dr/pptxIm/4b08654bd7d2453babf07fa6f473fbc4.png"/>
<file href="dr/pptxIm/4bc2d7d459b540e68ba55c4ee0c6772e.png"/>
<file href="dr/pptxIm/4bd52ad310bb48f792ed96c84630b835.png"/>
<file href="dr/pptxIm/4be0e621f7a34e1b9e0418677ec3aa64.png"/>
<file href="dr/pptxIm/4bef5b40f84847aeaad912ccdc0a2c8c.png"/>
<file href="dr/pptxIm/4c1f73dfd7f04e0192452e532b32ce26.png"/>
<file href="dr/pptxIm/4c288030ae4046e2b845ced1bba58d6c.png"/>
<file href="dr/pptxIm/4d243dcb63484ab6b68286dce86981a9.png"/>
<file href="dr/pptxIm/4d41fbc799034333aaab2b2c89bb2b9d.png"/>
<file href="dr/pptxIm/4d6bf5c83c4848f5a0b59845e1c3180e.png"/>
<file href="dr/pptxIm/4e58a26423794d529914e2ddf0033968.png"/>
<file href="dr/pptxIm/4eedebb031154827ba89ccb788cb8438.png"/>
<file href="dr/pptxIm/50fba0fae8cf474abafd4f276f9116bd.png"/>
<file href="dr/pptxIm/5137fcac07454b8f864d3ce195ddb30d.png"/>
<file href="dr/pptxIm/518a775c01f1480dbecbff93a3eee89f.png"/>
<file href="dr/pptxIm/52358ad5347b48378226556214126e84.png"/>
<file href="dr/pptxIm/52553d23550f4c84b84eabe29836fbf0.png"/>
<file href="dr/pptxIm/52644a4e4e6b4b79b39ee8c6835aecb2.png"/>
<file href="dr/pptxIm/5317fdf876be45b9b0228792f270d32f.png"/>
<file href="dr/pptxIm/552958083c594c14be5e584f3c77fb2a.png"/>
<file href="dr/pptxIm/5564311aad0b460a9effa476afc79586.png"/>
<file href="dr/pptxIm/56ad6581fdb14cbc97d9323890824c77.png"/>
<file href="dr/pptxIm/57177ba6fe3e4bf49dbfbbe563d8b625.png"/>
<file href="dr/pptxIm/5730eb8687dd440a8cd0f113f3828482.png"/>
<file href="dr/pptxIm/57e1d9de0469405db3375af82553890c.png"/>
<file href="dr/pptxIm/592b43c53ccf48fc97291bd1dc007e7f.png"/>
<file href="dr/pptxIm/595ac1fda6d742a4bce18b81869bb527.png"/>
<file href="dr/pptxIm/5b5dc8e1490f40b1b2f61241175f85ec.png"/>
<file href="dr/pptxIm/5b6ad30a756c4af48adbcbe78a231982.png"/>
<file href="dr/pptxIm/5b7e5e560d4f4720bad28ae90088a49f.png"/>
<file href="dr/pptxIm/5b87898edceb46f2af9311839270e2aa.png"/>
<file href="dr/pptxIm/5c39b5dda49944a78cb2013af03f7276.png"/>
<file href="dr/pptxIm/5c759b30ddbf4a66ac5fb1e24976b652.png"/>
<file href="dr/pptxIm/5cc5924945f64a48a8fd4c1e681c1681.png"/>
<file href="dr/pptxIm/5df617dd24ec447d9bdf6a20cde52eae.png"/>
<file href="dr/pptxIm/5f956c997bb544b7bcda64a88cb9715f.png"/>
<file href="dr/pptxIm/6159b642980b42be9ff64bab18bae1e1.png"/>
<file href="dr/pptxIm/615f92097c5644089b0ad523a3ff05b7.png"/>
<file href="dr/pptxIm/6178dcce80aa4b29accb19d8f0e95546.png"/>
<file href="dr/pptxIm/61986e77ef034f1eaa0dc1e9fcaca586.png"/>
<file href="dr/pptxIm/62324322b8ce454c97b101d0afaa1a64.png"/>
<file href="dr/pptxIm/62959ed6b1d545c7a316ea6efcacf9d5.png"/>
<file href="dr/pptxIm/633b7e71b65f486388fb7f9bca7e65ca.png"/>
<file href="dr/pptxIm/6452ebd08a974096aeff3914df292406.png"/>
<file href="dr/pptxIm/6571a5838eb74b56a86d4c1e04bc0aa0.png"/>
<file href="dr/pptxIm/663b78d9e83943dfbfb4a1d14b0d80bd.png"/>
<file href="dr/pptxIm/66652449d5a046f29ead3a3df6154fe5.png"/>
<file href="dr/pptxIm/66ce4e7f5b7b4b4e98225f6d62eb0bac.png"/>
<file href="dr/pptxIm/672c234a77f44bb4b04dfe8a09cde3ef.png"/>
<file href="dr/pptxIm/67b35bc072b8463badb11016c03346f4.png"/>
<file href="dr/pptxIm/6978b90e20814f4d9e0bf9f8ed6b103d.png"/>
<file href="dr/pptxIm/6a8fcbb230eb4e5faf279e5b6b6a21ca.png"/>
<file href="dr/pptxIm/6b2a38edbcb44bf7a1c288fa20dc1c19.png"/>
<file href="dr/pptxIm/6c1ea500191540e09f4b108cde36e960.png"/>
<file href="dr/pptxIm/6c6e62109689405fae07d8b611d119a4.png"/>
<file href="dr/pptxIm/6e4fcd93ca4c4d17ab4c438adf587118.png"/>
<file href="dr/pptxIm/6ed673a2b9444e79b1a535143ab6d215.png"/>
<file href="dr/pptxIm/6efb392f695747ab8c5bf64b9239f0ca.png"/>
<file href="dr/pptxIm/6ffa59fab59b4921a3aa04c13f54b8f4.png"/>
<file href="dr/pptxIm/709ce2b327c1408cbae72b725bf125cd.png"/>
<file href="dr/pptxIm/70f26b990d7140e0bb7b9bdb4c61b9e8.png"/>
<file href="dr/pptxIm/7274246f5ef7400d94ddd949053fda3d.png"/>
<file href="dr/pptxIm/737c9d232bc5400e9b1e40349489de54.png"/>
<file href="dr/pptxIm/73cbb73553e74135a0f2d2b05dad9072.png"/>
<file href="dr/pptxIm/73ee22d8a5dc4f7f815d42dfc7ea62fa.png"/>
<file href="dr/pptxIm/756d225fd6ca49279dc99366e13834b2.png"/>
<file href="dr/pptxIm/75717724acf8411daaff1d4854d10c2a.png"/>
<file href="dr/pptxIm/769593899c2a43c0a2a1be5d81c85afc.png"/>
<file href="dr/pptxIm/7731052e61e4409fa2f459e1dcd50465.png"/>
<file href="dr/pptxIm/77ce2e8155c1488e8acfebe0fbeefae3.png"/>
<file href="dr/pptxIm/795d1be57c39419383e0e2d4b423b30f.png"/>
<file href="dr/pptxIm/7990694751bb4f2086a86481cedad160.png"/>
<file href="dr/pptxIm/7b6c41104bb1466aab7aab52bd2a2ba5.png"/>
<file href="dr/pptxIm/8087f9b013b44ca48859c80b58970d70.png"/>
<file href="dr/pptxIm/82e02537347f4caabca7c15826f7a628.png"/>
<file href="dr/pptxIm/83a1df1995f34f69a81d2c4e39dabfb9.png"/>
<file href="dr/pptxIm/841aa52e556242c0b59382a932c10fc6.png"/>
<file href="dr/pptxIm/84ed9bb662dd4cec916dd53e5425debd.png"/>
<file href="dr/pptxIm/85f84fa2b09947c2a0ec3ce727f82142.png"/>
<file href="dr/pptxIm/86055f80cee94ce5b0c0432c349f2816.png"/>
<file href="dr/pptxIm/865b4e0fb90a45308d9d186c7cb16974.png"/>
<file href="dr/pptxIm/87a28b89eda8479d91bf446fb6f12fd5.png"/>
<file href="dr/pptxIm/87b0041b890044f9b770522e4e7ff01c.png"/>
<file href="dr/pptxIm/87e0f2bfe69948fa9c8c3399357f04ac.png"/>
<file href="dr/pptxIm/8816663af498401ea65f980f630d1773.png"/>
<file href="dr/pptxIm/88c429259ab64f38beedf6331e00cdba.png"/>
<file href="dr/pptxIm/8aceb4df38b54d4aa39e5d9e4d2bf814.png"/>
<file href="dr/pptxIm/8c51e74a8ef14ed2a05eb255cf9a4fe1.png"/>
<file href="dr/pptxIm/8e422002f488450bb38c0f7c68d8d7dc.png"/>
<file href="dr/pptxIm/8f1327b4ab3d4a3f85cb64c31f1544d8.png"/>
<file href="dr/pptxIm/8f9cc82fd93744099f337a0c5e108f54.png"/>
<file href="dr/pptxIm/903fbc49b3c047df82ef915fdefc5377.png"/>
<file href="dr/pptxIm/9088393457794a1380abee3bf4e8b579.png"/>
<file href="dr/pptxIm/90d9fedb7e144f379135d491d8e47af8.png"/>
<file href="dr/pptxIm/90e9b3038df742e9969828d766483271.png"/>
<file href="dr/pptxIm/91f210b103a04855a9298721ed38543d.png"/>
<file href="dr/pptxIm/9323b3bfd63b4fd983d65e4fb7e82dbb.png"/>
<file href="dr/pptxIm/94522011c0a4437d9495a5c239c3c18f.png"/>
<file href="dr/pptxIm/9505b7386c374e6ab26aeec49d70efbb.png"/>
<file href="dr/pptxIm/950f96efd70e4bbab4fc221132b24020.png"/>
<file href="dr/pptxIm/960667f0e0a144158a0af373199c8789.png"/>
<file href="dr/pptxIm/9634d290378642999cdbc8a6922f9d8a.png"/>
<file href="dr/pptxIm/967c52e1a6f24920b339d52de6a43da0.png"/>
<file href="dr/pptxIm/968fad4cf6694e77b1cba1b2c1cf6f9c.png"/>
<file href="dr/pptxIm/96932d72ce9a47e1978a7b1b6d805e1f.png"/>
<file href="dr/pptxIm/969889e2f7ea4c67aba5c9a78024d9e2.png"/>
<file href="dr/pptxIm/972aae1b3c4447d59a0ab3f565031537.png"/>
<file href="dr/pptxIm/97c23a933a06493c90ec5d7470a23c57.png"/>
<file href="dr/pptxIm/980e23613fb44600b14dc409d5843c93.png"/>
<file href="dr/pptxIm/9823cff76a1246b3b98eb1f4565ae807.png"/>
<file href="dr/pptxIm/98ec0450e9b2452abd949519e2a6247f.png"/>
<file href="dr/pptxIm/991b4045d6124d988d334b9021e815a1.png"/>
<file href="dr/pptxIm/99249b378b624cb0b6ba5d1df4282d3b.png"/>
<file href="dr/pptxIm/99b2f602e8074ea6a3bfd2e0233acf3b.png"/>
<file href="dr/pptxIm/99ca5edd5f574022affef11f26fd6646.png"/>
<file href="dr/pptxIm/9a155fb93ab74ee087dd24c385f66a94.png"/>
<file href="dr/pptxIm/9b80e6e5fdf0407ca6821be90a7b2934.png"/>
<file href="dr/pptxIm/9c46a505e6f24cb8843402dc420e9d1e.png"/>
<file href="dr/pptxIm/9f05fb5f1ded4a9a87f23a66d5c7281e.png"/>
<file href="dr/pptxIm/9f14ba450dbd4d96a72f01362ca557bb.png"/>
<file href="dr/pptxIm/9fb18fe5213b4604b7a4af4b1ef190a0.png"/>
<file href="dr/pptxIm/9fdc696334884c7e980c439d856fa40b.png"/>
<file href="dr/pptxIm/9fddbf107361445bb63dd51f5a75ad91.png"/>
<file href="dr/pptxIm/a1dad31c269348bc8098f9a41928c728.png"/>
<file href="dr/pptxIm/a47c98bc09f149d59cf3febaccc35ede.png"/>
<file href="dr/pptxIm/a47d4a4e07d14329a77465182bb2dc38.png"/>
<file href="dr/pptxIm/a48b15424b5d406c8bd4bd8b2d45347a.png"/>
<file href="dr/pptxIm/a4b07759feef4e9ead209410d4b26349.png"/>
<file href="dr/pptxIm/a5431b6d29964d9f83940efc6c4d7863.png"/>
<file href="dr/pptxIm/a582a9eb8ab2407f9d5e634ab8f9e15e.png"/>
<file href="dr/pptxIm/a5d3941eddee44ec8fd8dc5a75a561b8.png"/>
<file href="dr/pptxIm/a5d4114c743847cd9426d74032c0f135.png"/>
<file href="dr/pptxIm/a6c09f0f335d40baba6c03ff366dae47.png"/>
<file href="dr/pptxIm/a744bf37a16645adb48ea6556e4816e0.png"/>
<file href="dr/pptxIm/a7506f167ae04830a0c66bbba3bfbc41.png"/>
<file href="dr/pptxIm/a7bda319797c472dbe0c6af9da5bc0c4.png"/>
<file href="dr/pptxIm/a7cb6197df5341359ce047cdd467596c.png"/>
<file href="dr/pptxIm/a7ebae25197f4f28859b477ae9c90cf3.png"/>
<file href="dr/pptxIm/a838876dc2564280bb3de85849ef13dd.png"/>
<file href="dr/pptxIm/a83d8d913f6a4f318e8ba7a34d25850b.png"/>
<file href="dr/pptxIm/a918a34f0a2243ef92734143cd3cc0f0.png"/>
<file href="dr/pptxIm/a9a646c3649a4c289ed7851e76e46d7c.png"/>
<file href="dr/pptxIm/a9c967e0debb43499ad6735703a12389.png"/>
<file href="dr/pptxIm/aa24e5997d2a4ce29df3e5617bee13c0.png"/>
<file href="dr/pptxIm/aa71d2f9b4084cdeb4324e417fafffcb.png"/>
<file href="dr/pptxIm/aad0341ea286419bb91ffc695bdfa23c.png"/>
<file href="dr/pptxIm/aae5dfa7c8a746318d0354f7c890d612.png"/>
<file href="dr/pptxIm/aaedef4942da452d9f9a280355b7e14c.png"/>
<file href="dr/pptxIm/abbc1e555188490bbd83c39349b1391e.png"/>
<file href="dr/pptxIm/ac16973852c84beb81131659847936c1.png"/>
<file href="dr/pptxIm/ae4b8dc2beb546eda637bb5de00ca29c.png"/>
<file href="dr/pptxIm/af555ca800a6472999af27a20d713e1d.png"/>
<file href="dr/pptxIm/af95012beb64455d9392ead0e69930b5.png"/>
<file href="dr/pptxIm/b002a02eb7eb4ccab810634e79c388b8.png"/>
<file href="dr/pptxIm/b0a2a4bb4779442fbe9a7bc269d3f766.png"/>
<file href="dr/pptxIm/b0f9eb632b56443b833ce9f553647519.png"/>
<file href="dr/pptxIm/b1416b30d2114f3a936f16580ae03bd5.png"/>
<file href="dr/pptxIm/b174dd9fa2484764bdf8900358736010.png"/>
<file href="dr/pptxIm/b21f5c9ed568482cb7387966af119eec.png"/>
<file href="dr/pptxIm/b2b83c12f34345e3aec2e3ac5593ea80.png"/>
<file href="dr/pptxIm/b32502550249438f8bdfd6347d27953b.png"/>
<file href="dr/pptxIm/b45009aeb33c4a25a090d21be4ec04f9.png"/>
<file href="dr/pptxIm/b4772554aad64cc0bd086f31ff0f4a17.png"/>
<file href="dr/pptxIm/b6d1f31311664411aea29847351a2711.png"/>
<file href="dr/pptxIm/b6f4e5acd71142bebf39a370db836df9.png"/>
<file href="dr/pptxIm/b75bd839588c462c9a66fee03751d93b.png"/>
<file href="dr/pptxIm/b7f4c5532dca4e9a8ff0d00276fd52f8.png"/>
<file href="dr/pptxIm/b82881fbee584d13b932c81933bd67e5.png"/>
<file href="dr/pptxIm/b8e6d2b9f6124ed2bca7a1c709403108.png"/>
<file href="dr/pptxIm/b94a4052bb56475c8468e1b45a699b64.png"/>
<file href="dr/pptxIm/bc3a0a57885742e68db2228dc1eaf604.png"/>
<file href="dr/pptxIm/bc9f47869abb4127a55ac2dd4aad276c.png"/>
<file href="dr/pptxIm/bcc3ab922e344ca4b1e2339efd0363ba.png"/>
<file href="dr/pptxIm/bd1e76046bad4b069136b3e44f4043a5.png"/>
<file href="dr/pptxIm/be9207fa0547497b8ebfd1db96a30b96.png"/>
<file href="dr/pptxIm/bed41c21467141c19ebf49be1a77ebbc.png"/>
<file href="dr/pptxIm/bf1887d8a86641c79a129b02eb9c1c66.png"/>
<file href="dr/pptxIm/c07231df01b349248d5d694f9b1102b2.png"/>
<file href="dr/pptxIm/c2345ca59c2743c9bfffdee991ac7ca6.png"/>
<file href="dr/pptxIm/c2c08d5f2be14ddd8ad8f26565af1c88.png"/>
<file href="dr/pptxIm/c311ccc7506d45e9bfdb7b06b16756fd.png"/>
<file href="dr/pptxIm/c3b139bd1d4b4b1e9ff3e65120bc9022.png"/>
<file href="dr/pptxIm/c47612d9866f4bada31dafc17ae06db6.png"/>
<file href="dr/pptxIm/c4b859f296b741b28ae6662e601ee2b9.png"/>
<file href="dr/pptxIm/c6661e236dfa4746972cbb12a2d1864d.png"/>
<file href="dr/pptxIm/c68f7a74357d461d9b18f30fb0f5631a.png"/>
<file href="dr/pptxIm/c6eff0fd61cd42e88300f231179343f6.png"/>
<file href="dr/pptxIm/c76505fb9b794d8fbe003302bf874137.png"/>
<file href="dr/pptxIm/c7c0e7691f1d4d32a6be1ec6301c04b9.png"/>
<file href="dr/pptxIm/cbe89524aa834f488c768811c26671eb.png"/>
<file href="dr/pptxIm/cc5601eeaaf84d26b475c515289ff290.png"/>
<file href="dr/pptxIm/cc86d76b378146618944cbe8a950aac0.png"/>
<file href="dr/pptxIm/ccabfa404b9d4de5b37d8ef2f3d87392.png"/>
<file href="dr/pptxIm/cec364ed9a38401099674a0723504202.png"/>
<file href="dr/pptxIm/cf0fc9c229c147fcbfcac04925a6c880.png"/>
<file href="dr/pptxIm/cf64902b8ae74e18bbe7335cfe128a16.png"/>
<file href="dr/pptxIm/d08775d1590d40459108a6ff524870d9.png"/>
<file href="dr/pptxIm/d10396fc7e4c43eea3927735a476ab85.png"/>
<file href="dr/pptxIm/d130a24d34eb4eaa875c518ec1ea6834.png"/>
<file href="dr/pptxIm/d33b7d4a2f67472a9d07bd4b9920679f.png"/>
<file href="dr/pptxIm/d44072838d204f8da2079ec53bea2666.png"/>
<file href="dr/pptxIm/d4700b59ac63431585672ae0f724e213.png"/>
<file href="dr/pptxIm/d49a344a101c416eb24c6d8b06667da6.png"/>
<file href="dr/pptxIm/d4a6f4a9ccd441d9968deeb9f31a2237.png"/>
<file href="dr/pptxIm/d4a761fd7b1f4657b8b18bbd1621d365.png"/>
<file href="dr/pptxIm/d518dc8325914c4584c71730cd8e64cb.png"/>
<file href="dr/pptxIm/d66877e3ff4740e39059223e1640cdff.png"/>
<file href="dr/pptxIm/d770cbd1aee64c459a874133c9afb39c.png"/>
<file href="dr/pptxIm/d7f79c8436b548959f18142a2963b9cc.png"/>
<file href="dr/pptxIm/d9b8232bdf56441cabd11dc146a3d403.png"/>
<file href="dr/pptxIm/da2c518a61964231a601e2c4a7202e97.png"/>
<file href="dr/pptxIm/daa822f80d0243be8b8ccbdf60e3c44f.png"/>
<file href="dr/pptxIm/daf5cced947c457096566ddef92824fa.png"/>
<file href="dr/pptxIm/dc6617ca1f2e4b339432620962235b1f.png"/>
<file href="dr/pptxIm/dc8aff9a26a548c48a08933d3d1b3370.png"/>
<file href="dr/pptxIm/dc97326a011f45019859ff7d5c15d4c7.png"/>
<file href="dr/pptxIm/de94abb745644fcf80a5dfbc3414bbdf.png"/>
<file href="dr/pptxIm/dfb4f662474f4f09805e436abc122024.png"/>
<file href="dr/pptxIm/dfb529ffe68444c083bab09cc2ad61c8.png"/>
<file href="dr/pptxIm/e0384dc5aaa74e98a8fe8b5fff205846.png"/>
<file href="dr/pptxIm/e15a7f24f396407a80b53130bf1ff9e7.png"/>
<file href="dr/pptxIm/e2ad1d5b7a4e4d679502e7443ae06e4a.png"/>
<file href="dr/pptxIm/e2bc3c72326744eaa0f8264dfdd2e38c.png"/>
<file href="dr/pptxIm/e3ac9c12c03344a98a75cbf36b0859e9.png"/>
<file href="dr/pptxIm/e3fe05ac5e6040fdbce096424a95c966.png"/>
<file href="dr/pptxIm/e58f4f6e761645f6a31bb87d62997db9.png"/>
<file href="dr/pptxIm/e5e0bc82a20a48968ed80c4de5ece29f.png"/>
<file href="dr/pptxIm/e63ea583865849988e62df1f5afca6dd.png"/>
<file href="dr/pptxIm/e71e0d630236484d936b30798c50af9b.png"/>
<file href="dr/pptxIm/e731c31d844a479b9829dca610e2c67c.png"/>
<file href="dr/pptxIm/e736355a96604a2e89e57203f412b04c.png"/>
<file href="dr/pptxIm/e74b8dc84b544fb2b145f554be0a30ba.png"/>
<file href="dr/pptxIm/e77392176c8f4b7d8c195aa926976210.png"/>
<file href="dr/pptxIm/e947b32642ec476585ff32d475086aed.png"/>
<file href="dr/pptxIm/e9d6812030fc483480d821cedcf0346c.png"/>
<file href="dr/pptxIm/ec198f65e3844a17b5d3f3d075f2ff03.png"/>
<file href="dr/pptxIm/ec836fe9f365414dabc9185c7714381b.png"/>
<file href="dr/pptxIm/ec8593a189fa4c329b6b7f8ca73f0679.png"/>
<file href="dr/pptxIm/ecdbdc830634463481c24ebce1daa468.png"/>
<file href="dr/pptxIm/ee3dce1c60884624bd64d3f5889dd485.png"/>
<file href="dr/pptxIm/ee5170d889f4478d978b00e8155186a1.png"/>
<file href="dr/pptxIm/eed568b35a2c4f5bb835fc158dff11db.png"/>
<file href="dr/pptxIm/ef0d407845984ae69d20e903b96cec89.png"/>
<file href="dr/pptxIm/f03f692cf55e4b5b8b9ea5c80f6b9336.png"/>
<file href="dr/pptxIm/f08deb03dc7a498f9b482a9c88caf78a.png"/>
<file href="dr/pptxIm/f10094d7053246c8ab1831b781a85170.png"/>
<file href="dr/pptxIm/f17ed3801c694f278f59eea5444e84e3.png"/>
<file href="dr/pptxIm/f1de4fd4ad4a4fcb9929fdf6f5fde8be.png"/>
<file href="dr/pptxIm/f21103e3b9234aa6892fc37c2112e3a4.png"/>
<file href="dr/pptxIm/f325f8f756a94c33a863fad311fcadcb.png"/>
<file href="dr/pptxIm/f3566afcc63e41dab96e410e018f3d35.png"/>
<file href="dr/pptxIm/f3da4edb187d4dc19ce2a75b7b55482a.png"/>
<file href="dr/pptxIm/f456b45a15954f34a1308ba107718183.png"/>
<file href="dr/pptxIm/f4b2644ed02b45a191c6138151ea6b7a.png"/>
<file href="dr/pptxIm/f682db5344ef4ff4a4b16823a3f726e3.png"/>
<file href="dr/pptxIm/f6b87ff54c6443feae879bab562a263d.png"/>
<file href="dr/pptxIm/f8d2af0b4989409880fb4c4660b629c3.png"/>
<file href="dr/pptxIm/f9631b010719444895c0980fa0580831.png"/>
<file href="dr/pptxIm/fa7bd92100ad4e04b0e9f64d07a8dfa4.png"/>
<file href="dr/pptxIm/fa83ade675b84e0aada7c01a836c7a97.png"/>
<file href="dr/pptxIm/fb44479291fd41e2badf9c659d33a68f.png"/>
<file href="dr/pptxIm/fc2e09a61c524af3b424a0b79ecf64b0.png"/>
<file href="dr/pptxIm/fc495cd1705745b9b2a9ade633604a0f.png"/>
<file href="dr/pptxIm/fc565a09244440a1bca803b652f7eda6.png"/>
<file href="dr/pptxIm/fc87751cf55f4bee83332935e77ff8ac.png"/>
<file href="dr/pptxIm/fd7367fca7404b068301310032bdea2f.png"/>
<file href="dr/pptxIm/fec2401bf7ed48aea436278d21187bc0.png"/>
<file href="dr/pptxIm/ff5f28c11ab545dc831dd7fef3aee3dc.png"/>
<file href="dr/pptxIm/ffb212972b7543bc99837a4107f9ac1b.png"/>
			
		</asset>
		
		<asset type="document-metadata" location="file"><file href="multiscreen.html_BDMetadata.xml"/></asset>
		
	</assets>
</breeze-manifest>
