<?xml version="1.0" encoding="utf-8" ?>
<document-metadata version="1.0" xmlns="http://breeze.macromedia.com/ns/document-metadata" generator="Adobe Captivate 8">
<document-info>
	<title>PEN_5Copy</title>
	<summary></summary>
	<author></author>
	<keywords>Adobe Captivate Project PEN_5Copy</keywords>
	<view-link href="multiscreen.html?slide={position}" href-swf="PEN#5Copy.swf?slide={position}" href-html5="multiscreen.html?slide={position}"/>
</document-info>
<section type="slide" position="1">
	<title></title>

	<content></content>
</section>
<section type="slide" position="2">
	<title></title>

	<content></content>
</section>
<section type="slide" position="3">
	<title></title>

	<content></content>
</section>
<section type="slide" position="4">
	<title></title>

	<content></content>
</section>
<section type="slide" position="5">
	<title></title>

	<content></content>
</section>
<section type="slide" position="6">
	<title></title>

	<content></content>
</section>
<section type="slide" position="7">
	<title></title>

	<content></content>
</section>
<section type="slide" position="8">
	<title></title>

	<content></content>
</section>
<section type="slide" position="9">
	<title></title>

	<content></content>
</section>
<section type="slide" position="10">
	<title></title>

	<content></content>
</section>
</document-metadata>
